,Mean,LOI,Random,Regression,LSTM
0,83.0184554280403,14.769779370514208,106.82909550529351,17.567701767054405,2.7608070953414945
